{"cameraMode":{"drawMode":0,"name":"Shaded","section":"Shading Mode"},"sceneLighting":false,"audioPlay":false,"sceneViewState":{"showFog":true,"showMaterialUpdate":true,"showSkybox":false,"showFlares":true,"showImageEffects":true,"showParticleSystems":true},"in2DMode":false,"pivot":{"x":-153.32000732421876,"y":-5.954999923706055,"z":-132.23500061035157},"rotation":{"x":0.10001092404127121,"y":0.8058463931083679,"z":-0.14239582419395448,"w":0.5659804344177246},"size":670.8084716796875,"orthographic":true}