{"cameraMode":{"drawMode":0,"name":"Shaded","section":"Shading Mode"},"sceneLighting":false,"audioPlay":false,"sceneViewState":{"showFog":true,"showMaterialUpdate":true,"showSkybox":false,"showFlares":true,"showImageEffects":true,"showParticleSystems":true},"in2DMode":false,"pivot":{"x":1.2300000190734864,"y":-7.99078893661499,"z":-33.28296661376953},"rotation":{"x":-0.132797971367836,"y":-0.2584548890590668,"z":0.03589433431625366,"w":-0.9561842083930969},"size":12.468555450439454,"orthographic":true}