{"cameraMode":{"drawMode":0,"name":"Shaded","section":"Shading Mode"},"sceneLighting":false,"audioPlay":false,"sceneViewState":{"showFog":true,"showMaterialUpdate":true,"showSkybox":false,"showFlares":true,"showImageEffects":true,"showParticleSystems":true},"in2DMode":false,"pivot":{"x":6.840000152587891,"y":-4.505000114440918,"z":-17.54148292541504},"rotation":{"x":0.1321074664592743,"y":0.16570298373699189,"z":-0.02240525186061859,"w":0.9770300984382629},"size":30.338075637817384,"orthographic":true}