{"cameraMode":{"drawMode":0,"name":"Shaded","section":"Shading Mode"},"sceneLighting":false,"audioPlay":false,"sceneViewState":{"showFog":true,"showMaterialUpdate":true,"showSkybox":false,"showFlares":true,"showImageEffects":true,"showParticleSystems":true},"in2DMode":false,"pivot":{"x":-0.8641624450683594,"y":-0.153594970703125,"z":0.37688255310058596},"rotation":{"x":0.17915615439414979,"y":0.2606693208217621,"z":-0.04929019883275032,"w":0.9473847150802612},"size":64.39142608642578,"orthographic":false}