{"cameraMode":{"drawMode":0,"name":"Shaded","section":"Shading Mode"},"sceneLighting":false,"audioPlay":false,"sceneViewState":{"showFog":true,"showMaterialUpdate":true,"showSkybox":false,"showFlares":true,"showImageEffects":true,"showParticleSystems":true},"in2DMode":false,"pivot":{"x":-187.91436767578126,"y":-62.24317932128906,"z":-255.6929473876953},"rotation":{"x":-0.15957127511501313,"y":-0.7042553424835205,"z":0.1674230843782425,"w":-0.6712241768836975},"size":179.40150451660157,"orthographic":false}