{"cameraMode":{"drawMode":0,"name":"Shaded","section":"Shading Mode"},"sceneLighting":false,"audioPlay":false,"sceneViewState":{"showFog":true,"showMaterialUpdate":true,"showSkybox":true,"showFlares":true,"showImageEffects":true,"showParticleSystems":true},"in2DMode":false,"pivot":{"x":-153.32000732421876,"y":-5.954999923706055,"z":-129.51499938964845},"rotation":{"x":0.27372685074806216,"y":0.7253662943840027,"z":-0.46739518642425539,"w":0.4248066246509552},"size":429.46710205078127,"orthographic":true}