{"count":1,"self":17.5636528,"total":19.3748136,"children":{"AgentResetIfDone":{"count":1641,"self":0.0059854999999999995,"total":0.0059854999999999995,"children":null},"AgentSendState":{"count":1641,"self":0.0169079,"total":0.3955093,"children":{"CollectObservations":{"count":1644,"self":0.3786014,"total":0.3786014,"children":null}}},"DecideAction":{"count":1641,"self":1.3442831,"total":1.3442831,"children":null},"AcademyStep":{"count":1641,"self":0,"total":0,"children":null},"AgentAct":{"count":1641,"self":0.0544124,"total":0.0544124,"children":null}}}