{"count":1,"self":11.580832,"total":11.9259785,"children":{"AgentResetIfDone":{"count":302,"self":0.0044207,"total":0.0044207,"children":null},"AgentSendState":{"count":302,"self":0.017868099999999998,"total":0.31903709999999996,"children":{"CollectObservations":{"count":1510,"self":0.30116899999999996,"total":0.30116899999999996,"children":null}}},"DecideAction":{"count":302,"self":0.0035475,"total":0.0035475,"children":null},"AcademyStep":{"count":302,"self":0,"total":0,"children":null},"AgentAct":{"count":302,"self":0.0161881,"total":0.0161881,"children":null}}}